city_width,prob_path
2,0.4375
3,0.2275390625
4,0.18110036849975586
